state,category,taxable,treatment
AL,clothing.accessories,True,taxable
AL,clothing.general,True,taxable
AL,clothing.protective,True,taxable
AL,digital_products.ebook,True,taxable
AL,digital_products.music,True,taxable
AL,digital_products.streaming,True,taxable
AL,digital_products.video,True,taxable
AL,food.candy,True,taxable
AL,food.dietary_supplements,True,taxable
AL,food.grocery,True,reduced_rate
AL,food.prepared,True,taxable
AL,food.soft_drinks,True,taxable
AL,goods.electronics,True,taxable
AL,goods.furniture,True,taxable
AL,goods.general,True,taxable
AL,medical.devices,False,exempt
AL,medical.otc_drugs,True,taxable
AL,medical.prescription_drugs,False,exempt
AL,publications.books,True,taxable
AL,publications.magazines,True,taxable
AL,publications.newspapers,False,exempt
AL,services.ai_api,False,exempt
AL,services.data_processing,False,exempt
AL,services.personal_care,False,exempt
AL,services.professional,False,exempt
AL,services.repair,True,taxable
AL,services.web_hosting,False,exempt
AL,software.custom,False,exempt
AL,software.prewritten,True,taxable
AL,software.saas,False,exempt
AR,clothing.accessories,True,taxable
AR,clothing.general,True,taxable
AR,clothing.protective,True,taxable
AR,digital_products.ebook,True,taxable
AR,digital_products.music,True,taxable
AR,digital_products.streaming,True,taxable
AR,digital_products.video,True,taxable
AR,food.candy,True,taxable
AR,food.dietary_supplements,True,taxable
AR,food.grocery,False,exempt
AR,food.prepared,True,taxable
AR,food.soft_drinks,True,taxable
AR,goods.electronics,True,taxable
AR,goods.furniture,True,taxable
AR,goods.general,True,taxable
AR,medical.devices,False,exempt
AR,medical.otc_drugs,True,taxable
AR,medical.prescription_drugs,False,exempt
AR,publications.books,True,taxable
AR,publications.magazines,True,taxable
AR,publications.newspapers,False,exempt
AR,services.ai_api,False,exempt
AR,services.data_processing,False,exempt
AR,services.personal_care,False,exempt
AR,services.professional,False,exempt
AR,services.repair,True,taxable
AR,services.web_hosting,False,exempt
AR,software.custom,False,exempt
AR,software.prewritten,False,exempt
AR,software.saas,False,exempt
AZ,clothing.accessories,True,taxable
AZ,clothing.general,True,taxable
AZ,clothing.protective,True,taxable
AZ,digital_products.ebook,True,taxable
AZ,digital_products.music,True,taxable
AZ,digital_products.streaming,True,taxable
AZ,digital_products.video,True,taxable
AZ,food.candy,False,exempt
AZ,food.dietary_supplements,True,taxable
AZ,food.grocery,False,exempt
AZ,food.prepared,True,taxable
AZ,food.soft_drinks,False,exempt
AZ,goods.electronics,True,taxable
AZ,goods.furniture,True,taxable
AZ,goods.general,True,taxable
AZ,medical.devices,False,exempt
AZ,medical.otc_drugs,True,taxable
AZ,medical.prescription_drugs,False,exempt
AZ,publications.books,True,taxable
AZ,publications.magazines,True,taxable
AZ,publications.newspapers,False,exempt
AZ,services.ai_api,True,taxable
AZ,services.data_processing,False,exempt
AZ,services.personal_care,False,exempt
AZ,services.professional,False,exempt
AZ,services.repair,True,taxable
AZ,services.web_hosting,False,exempt
AZ,software.custom,False,exempt
AZ,software.prewritten,True,taxable
AZ,software.saas,True,taxable
CA,clothing.accessories,True,taxable
CA,clothing.general,True,taxable
CA,clothing.protective,True,taxable
CA,digital_products.ebook,False,exempt
CA,digital_products.music,False,exempt
CA,digital_products.streaming,False,exempt
CA,digital_products.video,False,exempt
CA,food.candy,False,exempt
CA,food.dietary_supplements,True,taxable
CA,food.grocery,False,exempt
CA,food.prepared,True,taxable
CA,food.soft_drinks,True,taxable
CA,goods.electronics,True,taxable
CA,goods.furniture,True,taxable
CA,goods.general,True,taxable
CA,medical.devices,False,exempt
CA,medical.otc_drugs,True,taxable
CA,medical.prescription_drugs,False,exempt
CA,publications.books,True,taxable
CA,publications.magazines,True,taxable
CA,publications.newspapers,False,exempt
CA,services.ai_api,False,exempt
CA,services.data_processing,False,exempt
CA,services.personal_care,False,exempt
CA,services.professional,False,exempt
CA,services.repair,False,exempt
CA,services.web_hosting,False,exempt
CA,software.custom,False,exempt
CA,software.prewritten,False,exempt
CA,software.saas,False,exempt
CO,clothing.accessories,True,taxable
CO,clothing.general,True,taxable
CO,clothing.protective,True,taxable
CO,digital_products.ebook,True,taxable
CO,digital_products.music,True,taxable
CO,digital_products.streaming,True,taxable
CO,digital_products.video,True,taxable
CO,food.candy,True,taxable
CO,food.dietary_supplements,True,taxable
CO,food.grocery,False,exempt
CO,food.prepared,True,taxable
CO,food.soft_drinks,True,taxable
CO,goods.electronics,True,taxable
CO,goods.furniture,True,taxable
CO,goods.general,True,taxable
CO,medical.devices,False,exempt
CO,medical.otc_drugs,True,taxable
CO,medical.prescription_drugs,False,exempt
CO,publications.books,True,taxable
CO,publications.magazines,True,taxable
CO,publications.newspapers,False,exempt
CO,services.ai_api,False,exempt
CO,services.data_processing,False,exempt
CO,services.personal_care,False,exempt
CO,services.professional,False,exempt
CO,services.repair,False,exempt
CO,services.web_hosting,False,exempt
CO,software.custom,False,exempt
CO,software.prewritten,True,taxable
CO,software.saas,False,exempt
CT,clothing.accessories,True,taxable
CT,clothing.general,True,taxable
CT,clothing.protective,True,taxable
CT,digital_products.ebook,True,taxable
CT,digital_products.music,True,taxable
CT,digital_products.streaming,True,taxable
CT,digital_products.video,True,taxable
CT,food.candy,True,taxable
CT,food.dietary_supplements,False,exempt
CT,food.grocery,False,exempt
CT,food.prepared,True,taxable
CT,food.soft_drinks,True,taxable
CT,goods.electronics,True,taxable
CT,goods.furniture,True,taxable
CT,goods.general,True,taxable
CT,medical.devices,False,exempt
CT,medical.otc_drugs,False,exempt
CT,medical.prescription_drugs,False,exempt
CT,publications.books,True,taxable
CT,publications.magazines,True,taxable
CT,publications.newspapers,False,exempt
CT,services.ai_api,True,taxable
CT,services.data_processing,True,taxable
CT,services.personal_care,True,taxable
CT,services.professional,False,exempt
CT,services.repair,True,taxable
CT,services.web_hosting,True,taxable
CT,software.custom,True,taxable
CT,software.prewritten,True,taxable
CT,software.saas,True,taxable
DC,clothing.accessories,True,taxable
DC,clothing.general,True,taxable
DC,clothing.protective,True,taxable
DC,digital_products.ebook,True,taxable
DC,digital_products.music,True,taxable
DC,digital_products.streaming,True,taxable
DC,digital_products.video,True,taxable
DC,food.candy,True,taxable
DC,food.dietary_supplements,False,exempt
DC,food.grocery,False,exempt
DC,food.prepared,True,taxable
DC,food.soft_drinks,True,taxable
DC,goods.electronics,True,taxable
DC,goods.furniture,True,taxable
DC,goods.general,True,taxable
DC,medical.devices,False,exempt
DC,medical.otc_drugs,False,exempt
DC,medical.prescription_drugs,False,exempt
DC,publications.books,True,taxable
DC,publications.magazines,True,taxable
DC,publications.newspapers,False,exempt
DC,services.ai_api,True,taxable
DC,services.data_processing,False,exempt
DC,services.personal_care,False,exempt
DC,services.professional,False,exempt
DC,services.repair,True,taxable
DC,services.web_hosting,False,exempt
DC,software.custom,True,taxable
DC,software.prewritten,True,taxable
DC,software.saas,True,taxable
FL,clothing.accessories,True,taxable
FL,clothing.general,True,taxable
FL,clothing.protective,True,taxable
FL,digital_products.ebook,False,exempt
FL,digital_products.music,False,exempt
FL,digital_products.streaming,False,exempt
FL,digital_products.video,False,exempt
FL,food.candy,True,taxable
FL,food.dietary_supplements,False,exempt
FL,food.grocery,False,exempt
FL,food.prepared,True,taxable
FL,food.soft_drinks,True,taxable
FL,goods.electronics,True,taxable
FL,goods.furniture,True,taxable
FL,goods.general,True,taxable
FL,medical.devices,False,exempt
FL,medical.otc_drugs,False,exempt
FL,medical.prescription_drugs,False,exempt
FL,publications.books,True,taxable
FL,publications.magazines,True,taxable
FL,publications.newspapers,False,exempt
FL,services.ai_api,False,exempt
FL,services.data_processing,False,exempt
FL,services.personal_care,False,exempt
FL,services.professional,False,exempt
FL,services.repair,True,taxable
FL,services.web_hosting,False,exempt
FL,software.custom,False,exempt
FL,software.prewritten,False,exempt
FL,software.saas,False,exempt
GA,clothing.accessories,True,taxable
GA,clothing.general,True,taxable
GA,clothing.protective,True,taxable
GA,digital_products.ebook,True,taxable
GA,digital_products.music,True,taxable
GA,digital_products.streaming,True,taxable
GA,digital_products.video,True,taxable
GA,food.candy,False,exempt
GA,food.dietary_supplements,True,taxable
GA,food.grocery,False,exempt
GA,food.prepared,True,taxable
GA,food.soft_drinks,False,exempt
GA,goods.electronics,True,taxable
GA,goods.furniture,True,taxable
GA,goods.general,True,taxable
GA,medical.devices,False,exempt
GA,medical.otc_drugs,True,taxable
GA,medical.prescription_drugs,False,exempt
GA,publications.books,True,taxable
GA,publications.magazines,True,taxable
GA,publications.newspapers,False,exempt
GA,services.ai_api,False,exempt
GA,services.data_processing,False,exempt
GA,services.personal_care,False,exempt
GA,services.professional,False,exempt
GA,services.repair,True,taxable
GA,services.web_hosting,False,exempt
GA,software.custom,False,exempt
GA,software.prewritten,False,exempt
GA,software.saas,False,exempt
HI,clothing.accessories,True,taxable
HI,clothing.general,True,taxable
HI,clothing.protective,True,taxable
HI,digital_products.ebook,True,taxable
HI,digital_products.music,True,taxable
HI,digital_products.streaming,True,taxable
HI,digital_products.video,True,taxable
HI,food.candy,True,taxable
HI,food.dietary_supplements,True,taxable
HI,food.grocery,True,taxable
HI,food.prepared,True,taxable
HI,food.soft_drinks,True,taxable
HI,goods.electronics,True,taxable
HI,goods.furniture,True,taxable
HI,goods.general,True,taxable
HI,medical.devices,False,exempt
HI,medical.otc_drugs,True,taxable
HI,medical.prescription_drugs,False,exempt
HI,publications.books,True,taxable
HI,publications.magazines,True,taxable
HI,publications.newspapers,False,exempt
HI,services.ai_api,True,taxable
HI,services.data_processing,True,taxable
HI,services.personal_care,True,taxable
HI,services.professional,True,taxable
HI,services.repair,True,taxable
HI,services.web_hosting,True,taxable
HI,software.custom,True,taxable
HI,software.prewritten,True,taxable
HI,software.saas,True,taxable
IA,clothing.accessories,True,taxable
IA,clothing.general,True,taxable
IA,clothing.protective,True,taxable
IA,digital_products.ebook,True,taxable
IA,digital_products.music,True,taxable
IA,digital_products.streaming,True,taxable
IA,digital_products.video,True,taxable
IA,food.candy,True,taxable
IA,food.dietary_supplements,True,taxable
IA,food.grocery,False,exempt
IA,food.prepared,True,taxable
IA,food.soft_drinks,True,taxable
IA,goods.electronics,True,taxable
IA,goods.furniture,True,taxable
IA,goods.general,True,taxable
IA,medical.devices,False,exempt
IA,medical.otc_drugs,True,taxable
IA,medical.prescription_drugs,False,exempt
IA,publications.books,True,taxable
IA,publications.magazines,True,taxable
IA,publications.newspapers,False,exempt
IA,services.ai_api,False,exempt
IA,services.data_processing,False,exempt
IA,services.personal_care,True,taxable
IA,services.professional,False,exempt
IA,services.repair,True,taxable
IA,services.web_hosting,False,exempt
IA,software.custom,False,exempt
IA,software.prewritten,True,taxable
IA,software.saas,False,exempt
ID,clothing.accessories,True,taxable
ID,clothing.general,True,taxable
ID,clothing.protective,True,taxable
ID,digital_products.ebook,True,taxable
ID,digital_products.music,True,taxable
ID,digital_products.streaming,True,taxable
ID,digital_products.video,True,taxable
ID,food.candy,True,taxable
ID,food.dietary_supplements,True,taxable
ID,food.grocery,True,taxable
ID,food.prepared,True,taxable
ID,food.soft_drinks,True,taxable
ID,goods.electronics,True,taxable
ID,goods.furniture,True,taxable
ID,goods.general,True,taxable
ID,medical.devices,False,exempt
ID,medical.otc_drugs,True,taxable
ID,medical.prescription_drugs,False,exempt
ID,publications.books,True,taxable
ID,publications.magazines,True,taxable
ID,publications.newspapers,False,exempt
ID,services.ai_api,False,exempt
ID,services.data_processing,False,exempt
ID,services.personal_care,False,exempt
ID,services.professional,False,exempt
ID,services.repair,True,taxable
ID,services.web_hosting,False,exempt
ID,software.custom,False,exempt
ID,software.prewritten,True,taxable
ID,software.saas,False,exempt
IL,clothing.accessories,True,taxable
IL,clothing.general,True,taxable
IL,clothing.protective,True,taxable
IL,digital_products.ebook,False,exempt
IL,digital_products.music,False,exempt
IL,digital_products.streaming,False,exempt
IL,digital_products.video,False,exempt
IL,food.candy,True,taxable
IL,food.dietary_supplements,True,taxable
IL,food.grocery,False,exempt
IL,food.prepared,True,taxable
IL,food.soft_drinks,True,taxable
IL,goods.electronics,True,taxable
IL,goods.furniture,True,taxable
IL,goods.general,True,taxable
IL,medical.devices,False,exempt
IL,medical.otc_drugs,True,taxable
IL,medical.prescription_drugs,False,exempt
IL,publications.books,True,taxable
IL,publications.magazines,True,taxable
IL,publications.newspapers,False,exempt
IL,services.ai_api,False,exempt
IL,services.data_processing,False,exempt
IL,services.personal_care,False,exempt
IL,services.professional,False,exempt
IL,services.repair,False,exempt
IL,services.web_hosting,False,exempt
IL,software.custom,False,exempt
IL,software.prewritten,True,taxable
IL,software.saas,False,exempt
IN,clothing.accessories,True,taxable
IN,clothing.general,True,taxable
IN,clothing.protective,True,taxable
IN,digital_products.ebook,True,taxable
IN,digital_products.music,True,taxable
IN,digital_products.streaming,True,taxable
IN,digital_products.video,True,taxable
IN,food.candy,True,taxable
IN,food.dietary_supplements,True,taxable
IN,food.grocery,False,exempt
IN,food.prepared,True,taxable
IN,food.soft_drinks,True,taxable
IN,goods.electronics,True,taxable
IN,goods.furniture,True,taxable
IN,goods.general,True,taxable
IN,medical.devices,False,exempt
IN,medical.otc_drugs,True,taxable
IN,medical.prescription_drugs,False,exempt
IN,publications.books,True,taxable
IN,publications.magazines,True,taxable
IN,publications.newspapers,False,exempt
IN,services.ai_api,False,exempt
IN,services.data_processing,False,exempt
IN,services.personal_care,False,exempt
IN,services.professional,False,exempt
IN,services.repair,True,taxable
IN,services.web_hosting,False,exempt
IN,software.custom,False,exempt
IN,software.prewritten,True,taxable
IN,software.saas,False,exempt
KS,clothing.accessories,True,taxable
KS,clothing.general,True,taxable
KS,clothing.protective,True,taxable
KS,digital_products.ebook,False,exempt
KS,digital_products.music,False,exempt
KS,digital_products.streaming,False,exempt
KS,digital_products.video,False,exempt
KS,food.candy,True,taxable
KS,food.dietary_supplements,True,taxable
KS,food.grocery,False,exempt
KS,food.prepared,True,taxable
KS,food.soft_drinks,True,taxable
KS,goods.electronics,True,taxable
KS,goods.furniture,True,taxable
KS,goods.general,True,taxable
KS,medical.devices,False,exempt
KS,medical.otc_drugs,True,taxable
KS,medical.prescription_drugs,False,exempt
KS,publications.books,True,taxable
KS,publications.magazines,True,taxable
KS,publications.newspapers,False,exempt
KS,services.ai_api,False,exempt
KS,services.data_processing,False,exempt
KS,services.personal_care,False,exempt
KS,services.professional,False,exempt
KS,services.repair,True,taxable
KS,services.web_hosting,False,exempt
KS,software.custom,False,exempt
KS,software.prewritten,True,taxable
KS,software.saas,False,exempt
KY,clothing.accessories,True,taxable
KY,clothing.general,True,taxable
KY,clothing.protective,True,taxable
KY,digital_products.ebook,True,taxable
KY,digital_products.music,True,taxable
KY,digital_products.streaming,True,taxable
KY,digital_products.video,True,taxable
KY,food.candy,True,taxable
KY,food.dietary_supplements,True,taxable
KY,food.grocery,False,exempt
KY,food.prepared,True,taxable
KY,food.soft_drinks,True,taxable
KY,goods.electronics,True,taxable
KY,goods.furniture,True,taxable
KY,goods.general,True,taxable
KY,medical.devices,False,exempt
KY,medical.otc_drugs,True,taxable
KY,medical.prescription_drugs,False,exempt
KY,publications.books,True,taxable
KY,publications.magazines,True,taxable
KY,publications.newspapers,False,exempt
KY,services.ai_api,True,taxable
KY,services.data_processing,False,exempt
KY,services.personal_care,False,exempt
KY,services.professional,False,exempt
KY,services.repair,True,taxable
KY,services.web_hosting,True,taxable
KY,software.custom,False,exempt
KY,software.prewritten,True,taxable
KY,software.saas,True,taxable
LA,clothing.accessories,True,taxable
LA,clothing.general,True,taxable
LA,clothing.protective,True,taxable
LA,digital_products.ebook,True,taxable
LA,digital_products.music,True,taxable
LA,digital_products.streaming,True,taxable
LA,digital_products.video,True,taxable
LA,food.candy,False,exempt
LA,food.dietary_supplements,True,taxable
LA,food.grocery,False,exempt
LA,food.prepared,True,taxable
LA,food.soft_drinks,False,exempt
LA,goods.electronics,True,taxable
LA,goods.furniture,True,taxable
LA,goods.general,True,taxable
LA,medical.devices,False,exempt
LA,medical.otc_drugs,True,taxable
LA,medical.prescription_drugs,False,exempt
LA,publications.books,True,taxable
LA,publications.magazines,True,taxable
LA,publications.newspapers,False,exempt
LA,services.ai_api,True,taxable
LA,services.data_processing,False,exempt
LA,services.personal_care,False,exempt
LA,services.professional,False,exempt
LA,services.repair,True,taxable
LA,services.web_hosting,False,exempt
LA,software.custom,False,exempt
LA,software.prewritten,True,taxable
LA,software.saas,True,taxable
MA,clothing.accessories,True,taxable
MA,clothing.general,False,exempt
MA,clothing.protective,True,taxable
MA,digital_products.ebook,False,exempt
MA,digital_products.music,False,exempt
MA,digital_products.streaming,False,exempt
MA,digital_products.video,False,exempt
MA,food.candy,False,exempt
MA,food.dietary_supplements,True,taxable
MA,food.grocery,False,exempt
MA,food.prepared,True,taxable
MA,food.soft_drinks,False,exempt
MA,goods.electronics,True,taxable
MA,goods.furniture,True,taxable
MA,goods.general,True,taxable
MA,medical.devices,False,exempt
MA,medical.otc_drugs,True,taxable
MA,medical.prescription_drugs,False,exempt
MA,publications.books,True,taxable
MA,publications.magazines,True,taxable
MA,publications.newspapers,False,exempt
MA,services.ai_api,True,taxable
MA,services.data_processing,False,exempt
MA,services.personal_care,False,exempt
MA,services.professional,False,exempt
MA,services.repair,False,exempt
MA,services.web_hosting,False,exempt
MA,software.custom,False,exempt
MA,software.prewritten,True,taxable
MA,software.saas,True,taxable
MD,clothing.accessories,True,taxable
MD,clothing.general,True,taxable
MD,clothing.protective,True,taxable
MD,digital_products.ebook,True,taxable
MD,digital_products.music,True,taxable
MD,digital_products.streaming,True,taxable
MD,digital_products.video,True,taxable
MD,food.candy,True,taxable
MD,food.dietary_supplements,False,exempt
MD,food.grocery,False,exempt
MD,food.prepared,True,taxable
MD,food.soft_drinks,True,taxable
MD,goods.electronics,True,taxable
MD,goods.furniture,True,taxable
MD,goods.general,True,taxable
MD,medical.devices,False,exempt
MD,medical.otc_drugs,False,exempt
MD,medical.prescription_drugs,False,exempt
MD,publications.books,True,taxable
MD,publications.magazines,True,taxable
MD,publications.newspapers,False,exempt
MD,services.ai_api,True,taxable
MD,services.data_processing,False,exempt
MD,services.personal_care,False,exempt
MD,services.professional,False,exempt
MD,services.repair,True,taxable
MD,services.web_hosting,True,taxable
MD,software.custom,False,exempt
MD,software.prewritten,True,taxable
MD,software.saas,True,taxable
ME,clothing.accessories,True,taxable
ME,clothing.general,True,taxable
ME,clothing.protective,True,taxable
ME,digital_products.ebook,True,taxable
ME,digital_products.music,True,taxable
ME,digital_products.streaming,True,taxable
ME,digital_products.video,True,taxable
ME,food.candy,True,taxable
ME,food.dietary_supplements,True,taxable
ME,food.grocery,False,exempt
ME,food.prepared,True,taxable
ME,food.soft_drinks,True,taxable
ME,goods.electronics,True,taxable
ME,goods.furniture,True,taxable
ME,goods.general,True,taxable
ME,medical.devices,False,exempt
ME,medical.otc_drugs,True,taxable
ME,medical.prescription_drugs,False,exempt
ME,publications.books,True,taxable
ME,publications.magazines,True,taxable
ME,publications.newspapers,False,exempt
ME,services.ai_api,False,exempt
ME,services.data_processing,False,exempt
ME,services.personal_care,False,exempt
ME,services.professional,False,exempt
ME,services.repair,True,taxable
ME,services.web_hosting,False,exempt
ME,software.custom,False,exempt
ME,software.prewritten,True,taxable
ME,software.saas,False,exempt
MI,clothing.accessories,True,taxable
MI,clothing.general,True,taxable
MI,clothing.protective,True,taxable
MI,digital_products.ebook,False,exempt
MI,digital_products.music,False,exempt
MI,digital_products.streaming,False,exempt
MI,digital_products.video,False,exempt
MI,food.candy,False,exempt
MI,food.dietary_supplements,False,exempt
MI,food.grocery,False,exempt
MI,food.prepared,True,taxable
MI,food.soft_drinks,False,exempt
MI,goods.electronics,True,taxable
MI,goods.furniture,True,taxable
MI,goods.general,True,taxable
MI,medical.devices,False,exempt
MI,medical.otc_drugs,True,taxable
MI,medical.prescription_drugs,False,exempt
MI,publications.books,True,taxable
MI,publications.magazines,True,taxable
MI,publications.newspapers,False,exempt
MI,services.ai_api,False,exempt
MI,services.data_processing,False,exempt
MI,services.personal_care,False,exempt
MI,services.professional,False,exempt
MI,services.repair,True,taxable
MI,services.web_hosting,False,exempt
MI,software.custom,False,exempt
MI,software.prewritten,True,taxable
MI,software.saas,False,exempt
MN,clothing.accessories,True,taxable
MN,clothing.general,False,exempt
MN,clothing.protective,True,taxable
MN,digital_products.ebook,True,taxable
MN,digital_products.music,True,taxable
MN,digital_products.streaming,True,taxable
MN,digital_products.video,True,taxable
MN,food.candy,True,taxable
MN,food.dietary_supplements,True,taxable
MN,food.grocery,False,exempt
MN,food.prepared,True,taxable
MN,food.soft_drinks,True,taxable
MN,goods.electronics,True,taxable
MN,goods.furniture,True,taxable
MN,goods.general,True,taxable
MN,medical.devices,False,exempt
MN,medical.otc_drugs,False,exempt
MN,medical.prescription_drugs,False,exempt
MN,publications.books,True,taxable
MN,publications.magazines,True,taxable
MN,publications.newspapers,False,exempt
MN,services.ai_api,False,exempt
MN,services.data_processing,False,exempt
MN,services.personal_care,True,taxable
MN,services.professional,False,exempt
MN,services.repair,True,taxable
MN,services.web_hosting,False,exempt
MN,software.custom,False,exempt
MN,software.prewritten,True,taxable
MN,software.saas,False,exempt
MO,clothing.accessories,True,taxable
MO,clothing.general,True,taxable
MO,clothing.protective,True,taxable
MO,digital_products.ebook,False,exempt
MO,digital_products.music,False,exempt
MO,digital_products.streaming,False,exempt
MO,digital_products.video,False,exempt
MO,food.candy,True,taxable
MO,food.dietary_supplements,True,taxable
MO,food.grocery,True,reduced_rate
MO,food.prepared,True,taxable
MO,food.soft_drinks,True,taxable
MO,goods.electronics,True,taxable
MO,goods.furniture,True,taxable
MO,goods.general,True,taxable
MO,medical.devices,False,exempt
MO,medical.otc_drugs,True,taxable
MO,medical.prescription_drugs,False,exempt
MO,publications.books,True,taxable
MO,publications.magazines,True,taxable
MO,publications.newspapers,False,exempt
MO,services.ai_api,False,exempt
MO,services.data_processing,False,exempt
MO,services.personal_care,False,exempt
MO,services.professional,False,exempt
MO,services.repair,True,taxable
MO,services.web_hosting,False,exempt
MO,software.custom,False,exempt
MO,software.prewritten,True,taxable
MO,software.saas,False,exempt
MS,clothing.accessories,True,taxable
MS,clothing.general,True,taxable
MS,clothing.protective,True,taxable
MS,digital_products.ebook,True,taxable
MS,digital_products.music,True,taxable
MS,digital_products.streaming,True,taxable
MS,digital_products.video,True,taxable
MS,food.candy,True,taxable
MS,food.dietary_supplements,True,taxable
MS,food.grocery,True,reduced_rate
MS,food.prepared,True,taxable
MS,food.soft_drinks,True,taxable
MS,goods.electronics,True,taxable
MS,goods.furniture,True,taxable
MS,goods.general,True,taxable
MS,medical.devices,False,exempt
MS,medical.otc_drugs,True,taxable
MS,medical.prescription_drugs,False,exempt
MS,publications.books,True,taxable
MS,publications.magazines,True,taxable
MS,publications.newspapers,False,exempt
MS,services.ai_api,False,exempt
MS,services.data_processing,False,exempt
MS,services.personal_care,False,exempt
MS,services.professional,False,exempt
MS,services.repair,True,taxable
MS,services.web_hosting,False,exempt
MS,software.custom,True,taxable
MS,software.prewritten,True,taxable
MS,software.saas,False,exempt
NC,clothing.accessories,True,taxable
NC,clothing.general,True,taxable
NC,clothing.protective,True,taxable
NC,digital_products.ebook,True,taxable
NC,digital_products.music,True,taxable
NC,digital_products.streaming,True,taxable
NC,digital_products.video,True,taxable
NC,food.candy,True,taxable
NC,food.dietary_supplements,True,taxable
NC,food.grocery,False,exempt
NC,food.prepared,True,taxable
NC,food.soft_drinks,True,taxable
NC,goods.electronics,True,taxable
NC,goods.furniture,True,taxable
NC,goods.general,True,taxable
NC,medical.devices,False,exempt
NC,medical.otc_drugs,True,taxable
NC,medical.prescription_drugs,False,exempt
NC,publications.books,True,taxable
NC,publications.magazines,True,taxable
NC,publications.newspapers,False,exempt
NC,services.ai_api,False,exempt
NC,services.data_processing,False,exempt
NC,services.personal_care,False,exempt
NC,services.professional,False,exempt
NC,services.repair,True,taxable
NC,services.web_hosting,False,exempt
NC,software.custom,False,exempt
NC,software.prewritten,True,taxable
NC,software.saas,False,exempt
ND,clothing.accessories,True,taxable
ND,clothing.general,True,taxable
ND,clothing.protective,True,taxable
ND,digital_products.ebook,False,exempt
ND,digital_products.music,False,exempt
ND,digital_products.streaming,False,exempt
ND,digital_products.video,False,exempt
ND,food.candy,True,taxable
ND,food.dietary_supplements,True,taxable
ND,food.grocery,False,exempt
ND,food.prepared,True,taxable
ND,food.soft_drinks,True,taxable
ND,goods.electronics,True,taxable
ND,goods.furniture,True,taxable
ND,goods.general,True,taxable
ND,medical.devices,False,exempt
ND,medical.otc_drugs,True,taxable
ND,medical.prescription_drugs,False,exempt
ND,publications.books,True,taxable
ND,publications.magazines,True,taxable
ND,publications.newspapers,False,exempt
ND,services.ai_api,False,exempt
ND,services.data_processing,False,exempt
ND,services.personal_care,False,exempt
ND,services.professional,False,exempt
ND,services.repair,True,taxable
ND,services.web_hosting,False,exempt
ND,software.custom,False,exempt
ND,software.prewritten,True,taxable
ND,software.saas,False,exempt
NE,clothing.accessories,True,taxable
NE,clothing.general,True,taxable
NE,clothing.protective,True,taxable
NE,digital_products.ebook,True,taxable
NE,digital_products.music,True,taxable
NE,digital_products.streaming,True,taxable
NE,digital_products.video,True,taxable
NE,food.candy,False,exempt
NE,food.dietary_supplements,True,taxable
NE,food.grocery,False,exempt
NE,food.prepared,True,taxable
NE,food.soft_drinks,False,exempt
NE,goods.electronics,True,taxable
NE,goods.furniture,True,taxable
NE,goods.general,True,taxable
NE,medical.devices,False,exempt
NE,medical.otc_drugs,True,taxable
NE,medical.prescription_drugs,False,exempt
NE,publications.books,True,taxable
NE,publications.magazines,True,taxable
NE,publications.newspapers,False,exempt
NE,services.ai_api,False,exempt
NE,services.data_processing,False,exempt
NE,services.personal_care,False,exempt
NE,services.professional,False,exempt
NE,services.repair,True,taxable
NE,services.web_hosting,False,exempt
NE,software.custom,True,taxable
NE,software.prewritten,True,taxable
NE,software.saas,False,exempt
NJ,clothing.accessories,True,taxable
NJ,clothing.general,False,exempt
NJ,clothing.protective,True,taxable
NJ,digital_products.ebook,True,taxable
NJ,digital_products.music,True,taxable
NJ,digital_products.streaming,False,exempt
NJ,digital_products.video,True,taxable
NJ,food.candy,True,taxable
NJ,food.dietary_supplements,False,exempt
NJ,food.grocery,False,exempt
NJ,food.prepared,True,taxable
NJ,food.soft_drinks,True,taxable
NJ,goods.electronics,True,taxable
NJ,goods.furniture,True,taxable
NJ,goods.general,True,taxable
NJ,medical.devices,False,exempt
NJ,medical.otc_drugs,False,exempt
NJ,medical.prescription_drugs,False,exempt
NJ,publications.books,True,taxable
NJ,publications.magazines,True,taxable
NJ,publications.newspapers,False,exempt
NJ,services.ai_api,False,exempt
NJ,services.data_processing,False,exempt
NJ,services.personal_care,False,exempt
NJ,services.professional,False,exempt
NJ,services.repair,True,taxable
NJ,services.web_hosting,False,exempt
NJ,software.custom,False,exempt
NJ,software.prewritten,True,taxable
NJ,software.saas,False,exempt
NM,clothing.accessories,True,taxable
NM,clothing.general,True,taxable
NM,clothing.protective,True,taxable
NM,digital_products.ebook,True,taxable
NM,digital_products.music,True,taxable
NM,digital_products.streaming,True,taxable
NM,digital_products.video,True,taxable
NM,food.candy,False,exempt
NM,food.dietary_supplements,True,taxable
NM,food.grocery,False,exempt
NM,food.prepared,True,taxable
NM,food.soft_drinks,False,exempt
NM,goods.electronics,True,taxable
NM,goods.furniture,True,taxable
NM,goods.general,True,taxable
NM,medical.devices,False,exempt
NM,medical.otc_drugs,True,taxable
NM,medical.prescription_drugs,False,exempt
NM,publications.books,True,taxable
NM,publications.magazines,True,taxable
NM,publications.newspapers,False,exempt
NM,services.ai_api,True,taxable
NM,services.data_processing,True,taxable
NM,services.personal_care,True,taxable
NM,services.professional,True,taxable
NM,services.repair,True,taxable
NM,services.web_hosting,True,taxable
NM,software.custom,True,taxable
NM,software.prewritten,True,taxable
NM,software.saas,True,taxable
NV,clothing.accessories,True,taxable
NV,clothing.general,True,taxable
NV,clothing.protective,True,taxable
NV,digital_products.ebook,False,exempt
NV,digital_products.music,False,exempt
NV,digital_products.streaming,False,exempt
NV,digital_products.video,False,exempt
NV,food.candy,False,exempt
NV,food.dietary_supplements,True,taxable
NV,food.grocery,False,exempt
NV,food.prepared,True,taxable
NV,food.soft_drinks,False,exempt
NV,goods.electronics,True,taxable
NV,goods.furniture,True,taxable
NV,goods.general,True,taxable
NV,medical.devices,False,exempt
NV,medical.otc_drugs,True,taxable
NV,medical.prescription_drugs,False,exempt
NV,publications.books,True,taxable
NV,publications.magazines,True,taxable
NV,publications.newspapers,False,exempt
NV,services.ai_api,False,exempt
NV,services.data_processing,False,exempt
NV,services.personal_care,False,exempt
NV,services.professional,False,exempt
NV,services.repair,True,taxable
NV,services.web_hosting,False,exempt
NV,software.custom,False,exempt
NV,software.prewritten,True,taxable
NV,software.saas,False,exempt
NY,clothing.accessories,True,taxable
NY,clothing.general,False,exempt
NY,clothing.protective,True,taxable
NY,digital_products.ebook,False,exempt
NY,digital_products.music,False,exempt
NY,digital_products.streaming,False,exempt
NY,digital_products.video,False,exempt
NY,food.candy,True,taxable
NY,food.dietary_supplements,False,exempt
NY,food.grocery,False,exempt
NY,food.prepared,True,taxable
NY,food.soft_drinks,True,taxable
NY,goods.electronics,True,taxable
NY,goods.furniture,True,taxable
NY,goods.general,True,taxable
NY,medical.devices,False,exempt
NY,medical.otc_drugs,False,exempt
NY,medical.prescription_drugs,False,exempt
NY,publications.books,True,taxable
NY,publications.magazines,True,taxable
NY,publications.newspapers,False,exempt
NY,services.ai_api,True,taxable
NY,services.data_processing,False,exempt
NY,services.personal_care,True,taxable
NY,services.professional,False,exempt
NY,services.repair,True,taxable
NY,services.web_hosting,True,taxable
NY,software.custom,False,exempt
NY,software.prewritten,True,taxable
NY,software.saas,True,taxable
OH,clothing.accessories,True,taxable
OH,clothing.general,True,taxable
OH,clothing.protective,True,taxable
OH,digital_products.ebook,True,taxable
OH,digital_products.music,True,taxable
OH,digital_products.streaming,True,taxable
OH,digital_products.video,True,taxable
OH,food.candy,False,exempt
OH,food.dietary_supplements,True,taxable
OH,food.grocery,False,exempt
OH,food.prepared,True,taxable
OH,food.soft_drinks,True,taxable
OH,goods.electronics,True,taxable
OH,goods.furniture,True,taxable
OH,goods.general,True,taxable
OH,medical.devices,False,exempt
OH,medical.otc_drugs,True,taxable
OH,medical.prescription_drugs,False,exempt
OH,publications.books,True,taxable
OH,publications.magazines,True,taxable
OH,publications.newspapers,False,exempt
OH,services.ai_api,True,taxable
OH,services.data_processing,True,taxable
OH,services.personal_care,True,taxable
OH,services.professional,False,exempt
OH,services.repair,True,taxable
OH,services.web_hosting,True,taxable
OH,software.custom,True,taxable
OH,software.prewritten,True,taxable
OH,software.saas,True,taxable
OK,clothing.accessories,True,taxable
OK,clothing.general,True,taxable
OK,clothing.protective,True,taxable
OK,digital_products.ebook,False,exempt
OK,digital_products.music,False,exempt
OK,digital_products.streaming,False,exempt
OK,digital_products.video,False,exempt
OK,food.candy,True,taxable
OK,food.dietary_supplements,True,taxable
OK,food.grocery,False,exempt
OK,food.prepared,True,taxable
OK,food.soft_drinks,True,taxable
OK,goods.electronics,True,taxable
OK,goods.furniture,True,taxable
OK,goods.general,True,taxable
OK,medical.devices,False,exempt
OK,medical.otc_drugs,True,taxable
OK,medical.prescription_drugs,False,exempt
OK,publications.books,True,taxable
OK,publications.magazines,True,taxable
OK,publications.newspapers,False,exempt
OK,services.ai_api,False,exempt
OK,services.data_processing,False,exempt
OK,services.personal_care,False,exempt
OK,services.professional,False,exempt
OK,services.repair,True,taxable
OK,services.web_hosting,False,exempt
OK,software.custom,False,exempt
OK,software.prewritten,True,taxable
OK,software.saas,False,exempt
PA,clothing.accessories,True,taxable
PA,clothing.general,False,exempt
PA,clothing.protective,True,taxable
PA,digital_products.ebook,True,taxable
PA,digital_products.music,True,taxable
PA,digital_products.streaming,True,taxable
PA,digital_products.video,True,taxable
PA,food.candy,False,exempt
PA,food.dietary_supplements,False,exempt
PA,food.grocery,False,exempt
PA,food.prepared,True,taxable
PA,food.soft_drinks,True,taxable
PA,goods.electronics,True,taxable
PA,goods.furniture,True,taxable
PA,goods.general,True,taxable
PA,medical.devices,False,exempt
PA,medical.otc_drugs,False,exempt
PA,medical.prescription_drugs,False,exempt
PA,publications.books,True,taxable
PA,publications.magazines,True,taxable
PA,publications.newspapers,False,exempt
PA,services.ai_api,True,taxable
PA,services.data_processing,False,exempt
PA,services.personal_care,False,exempt
PA,services.professional,False,exempt
PA,services.repair,True,taxable
PA,services.web_hosting,True,taxable
PA,software.custom,False,exempt
PA,software.prewritten,True,taxable
PA,software.saas,True,taxable
RI,clothing.accessories,True,taxable
RI,clothing.general,False,exempt
RI,clothing.protective,True,taxable
RI,digital_products.ebook,True,taxable
RI,digital_products.music,True,taxable
RI,digital_products.streaming,True,taxable
RI,digital_products.video,True,taxable
RI,food.candy,True,taxable
RI,food.dietary_supplements,True,taxable
RI,food.grocery,False,exempt
RI,food.prepared,True,taxable
RI,food.soft_drinks,True,taxable
RI,goods.electronics,True,taxable
RI,goods.furniture,True,taxable
RI,goods.general,True,taxable
RI,medical.devices,False,exempt
RI,medical.otc_drugs,True,taxable
RI,medical.prescription_drugs,False,exempt
RI,publications.books,True,taxable
RI,publications.magazines,True,taxable
RI,publications.newspapers,False,exempt
RI,services.ai_api,True,taxable
RI,services.data_processing,False,exempt
RI,services.personal_care,False,exempt
RI,services.professional,False,exempt
RI,services.repair,True,taxable
RI,services.web_hosting,False,exempt
RI,software.custom,False,exempt
RI,software.prewritten,True,taxable
RI,software.saas,True,taxable
SC,clothing.accessories,True,taxable
SC,clothing.general,True,taxable
SC,clothing.protective,True,taxable
SC,digital_products.ebook,False,exempt
SC,digital_products.music,False,exempt
SC,digital_products.streaming,False,exempt
SC,digital_products.video,False,exempt
SC,food.candy,False,exempt
SC,food.dietary_supplements,True,taxable
SC,food.grocery,False,exempt
SC,food.prepared,True,taxable
SC,food.soft_drinks,False,exempt
SC,goods.electronics,True,taxable
SC,goods.furniture,True,taxable
SC,goods.general,True,taxable
SC,medical.devices,False,exempt
SC,medical.otc_drugs,True,taxable
SC,medical.prescription_drugs,False,exempt
SC,publications.books,True,taxable
SC,publications.magazines,True,taxable
SC,publications.newspapers,False,exempt
SC,services.ai_api,True,taxable
SC,services.data_processing,False,exempt
SC,services.personal_care,False,exempt
SC,services.professional,False,exempt
SC,services.repair,True,taxable
SC,services.web_hosting,False,exempt
SC,software.custom,False,exempt
SC,software.prewritten,True,taxable
SC,software.saas,True,taxable
SD,clothing.accessories,True,taxable
SD,clothing.general,True,taxable
SD,clothing.protective,True,taxable
SD,digital_products.ebook,True,taxable
SD,digital_products.music,True,taxable
SD,digital_products.streaming,True,taxable
SD,digital_products.video,True,taxable
SD,food.candy,True,taxable
SD,food.dietary_supplements,True,taxable
SD,food.grocery,True,taxable
SD,food.prepared,True,taxable
SD,food.soft_drinks,True,taxable
SD,goods.electronics,True,taxable
SD,goods.furniture,True,taxable
SD,goods.general,True,taxable
SD,medical.devices,False,exempt
SD,medical.otc_drugs,True,taxable
SD,medical.prescription_drugs,False,exempt
SD,publications.books,True,taxable
SD,publications.magazines,True,taxable
SD,publications.newspapers,False,exempt
SD,services.ai_api,True,taxable
SD,services.data_processing,True,taxable
SD,services.personal_care,True,taxable
SD,services.professional,True,taxable
SD,services.repair,True,taxable
SD,services.web_hosting,True,taxable
SD,software.custom,True,taxable
SD,software.prewritten,True,taxable
SD,software.saas,True,taxable
TN,clothing.accessories,True,taxable
TN,clothing.general,True,taxable
TN,clothing.protective,True,taxable
TN,digital_products.ebook,True,taxable
TN,digital_products.music,True,taxable
TN,digital_products.streaming,True,taxable
TN,digital_products.video,True,taxable
TN,food.candy,True,taxable
TN,food.dietary_supplements,True,taxable
TN,food.grocery,True,reduced_rate
TN,food.prepared,True,taxable
TN,food.soft_drinks,True,taxable
TN,goods.electronics,True,taxable
TN,goods.furniture,True,taxable
TN,goods.general,True,taxable
TN,medical.devices,False,exempt
TN,medical.otc_drugs,True,taxable
TN,medical.prescription_drugs,False,exempt
TN,publications.books,True,taxable
TN,publications.magazines,True,taxable
TN,publications.newspapers,False,exempt
TN,services.ai_api,True,taxable
TN,services.data_processing,False,exempt
TN,services.personal_care,False,exempt
TN,services.professional,False,exempt
TN,services.repair,True,taxable
TN,services.web_hosting,False,exempt
TN,software.custom,True,taxable
TN,software.prewritten,True,taxable
TN,software.saas,True,taxable
TX,clothing.accessories,True,taxable
TX,clothing.general,True,taxable
TX,clothing.protective,True,taxable
TX,digital_products.ebook,True,taxable
TX,digital_products.music,True,taxable
TX,digital_products.streaming,True,taxable
TX,digital_products.video,True,taxable
TX,food.candy,True,taxable
TX,food.dietary_supplements,False,exempt
TX,food.grocery,False,exempt
TX,food.prepared,True,taxable
TX,food.soft_drinks,True,taxable
TX,goods.electronics,True,taxable
TX,goods.furniture,True,taxable
TX,goods.general,True,taxable
TX,medical.devices,False,exempt
TX,medical.otc_drugs,False,exempt
TX,medical.prescription_drugs,False,exempt
TX,publications.books,True,taxable
TX,publications.magazines,True,taxable
TX,publications.newspapers,False,exempt
TX,services.ai_api,True,taxable
TX,services.data_processing,True,taxable
TX,services.personal_care,True,taxable
TX,services.professional,False,exempt
TX,services.repair,True,taxable
TX,services.web_hosting,True,taxable
TX,software.custom,False,exempt
TX,software.prewritten,True,taxable
TX,software.saas,True,taxable
UT,clothing.accessories,True,taxable
UT,clothing.general,True,taxable
UT,clothing.protective,True,taxable
UT,digital_products.ebook,True,taxable
UT,digital_products.music,True,taxable
UT,digital_products.streaming,True,taxable
UT,digital_products.video,True,taxable
UT,food.candy,True,taxable
UT,food.dietary_supplements,True,taxable
UT,food.grocery,True,reduced_rate
UT,food.prepared,True,taxable
UT,food.soft_drinks,True,taxable
UT,goods.electronics,True,taxable
UT,goods.furniture,True,taxable
UT,goods.general,True,taxable
UT,medical.devices,False,exempt
UT,medical.otc_drugs,True,taxable
UT,medical.prescription_drugs,False,exempt
UT,publications.books,True,taxable
UT,publications.magazines,True,taxable
UT,publications.newspapers,False,exempt
UT,services.ai_api,True,taxable
UT,services.data_processing,False,exempt
UT,services.personal_care,False,exempt
UT,services.professional,False,exempt
UT,services.repair,True,taxable
UT,services.web_hosting,False,exempt
UT,software.custom,False,exempt
UT,software.prewritten,True,taxable
UT,software.saas,True,taxable
VA,clothing.accessories,True,taxable
VA,clothing.general,True,taxable
VA,clothing.protective,True,taxable
VA,digital_products.ebook,False,exempt
VA,digital_products.music,False,exempt
VA,digital_products.streaming,False,exempt
VA,digital_products.video,False,exempt
VA,food.candy,True,taxable
VA,food.dietary_supplements,True,taxable
VA,food.grocery,True,reduced_rate
VA,food.prepared,True,taxable
VA,food.soft_drinks,True,taxable
VA,goods.electronics,True,taxable
VA,goods.furniture,True,taxable
VA,goods.general,True,taxable
VA,medical.devices,False,exempt
VA,medical.otc_drugs,False,exempt
VA,medical.prescription_drugs,False,exempt
VA,publications.books,True,taxable
VA,publications.magazines,True,taxable
VA,publications.newspapers,False,exempt
VA,services.ai_api,False,exempt
VA,services.data_processing,False,exempt
VA,services.personal_care,False,exempt
VA,services.professional,False,exempt
VA,services.repair,False,exempt
VA,services.web_hosting,False,exempt
VA,software.custom,False,exempt
VA,software.prewritten,False,exempt
VA,software.saas,False,exempt
VT,clothing.accessories,True,taxable
VT,clothing.general,False,exempt
VT,clothing.protective,True,taxable
VT,digital_products.ebook,True,taxable
VT,digital_products.music,True,taxable
VT,digital_products.streaming,True,taxable
VT,digital_products.video,True,taxable
VT,food.candy,False,exempt
VT,food.dietary_supplements,False,exempt
VT,food.grocery,False,exempt
VT,food.prepared,True,taxable
VT,food.soft_drinks,False,exempt
VT,goods.electronics,True,taxable
VT,goods.furniture,True,taxable
VT,goods.general,True,taxable
VT,medical.devices,False,exempt
VT,medical.otc_drugs,False,exempt
VT,medical.prescription_drugs,False,exempt
VT,publications.books,True,taxable
VT,publications.magazines,True,taxable
VT,publications.newspapers,False,exempt
VT,services.ai_api,True,taxable
VT,services.data_processing,False,exempt
VT,services.personal_care,False,exempt
VT,services.professional,False,exempt
VT,services.repair,True,taxable
VT,services.web_hosting,False,exempt
VT,software.custom,False,exempt
VT,software.prewritten,True,taxable
VT,software.saas,True,taxable
WA,clothing.accessories,True,taxable
WA,clothing.general,True,taxable
WA,clothing.protective,True,taxable
WA,digital_products.ebook,True,taxable
WA,digital_products.music,True,taxable
WA,digital_products.streaming,True,taxable
WA,digital_products.video,True,taxable
WA,food.candy,False,exempt
WA,food.dietary_supplements,True,taxable
WA,food.grocery,False,exempt
WA,food.prepared,True,taxable
WA,food.soft_drinks,True,taxable
WA,goods.electronics,True,taxable
WA,goods.furniture,True,taxable
WA,goods.general,True,taxable
WA,medical.devices,False,exempt
WA,medical.otc_drugs,True,taxable
WA,medical.prescription_drugs,False,exempt
WA,publications.books,True,taxable
WA,publications.magazines,True,taxable
WA,publications.newspapers,False,exempt
WA,services.ai_api,True,taxable
WA,services.data_processing,False,exempt
WA,services.personal_care,True,taxable
WA,services.professional,False,exempt
WA,services.repair,True,taxable
WA,services.web_hosting,True,taxable
WA,software.custom,False,exempt
WA,software.prewritten,True,taxable
WA,software.saas,True,taxable
WI,clothing.accessories,True,taxable
WI,clothing.general,True,taxable
WI,clothing.protective,True,taxable
WI,digital_products.ebook,True,taxable
WI,digital_products.music,True,taxable
WI,digital_products.streaming,True,taxable
WI,digital_products.video,True,taxable
WI,food.candy,True,taxable
WI,food.dietary_supplements,True,taxable
WI,food.grocery,False,exempt
WI,food.prepared,True,taxable
WI,food.soft_drinks,True,taxable
WI,goods.electronics,True,taxable
WI,goods.furniture,True,taxable
WI,goods.general,True,taxable
WI,medical.devices,False,exempt
WI,medical.otc_drugs,True,taxable
WI,medical.prescription_drugs,False,exempt
WI,publications.books,True,taxable
WI,publications.magazines,True,taxable
WI,publications.newspapers,False,exempt
WI,services.ai_api,False,exempt
WI,services.data_processing,False,exempt
WI,services.personal_care,False,exempt
WI,services.professional,False,exempt
WI,services.repair,True,taxable
WI,services.web_hosting,False,exempt
WI,software.custom,False,exempt
WI,software.prewritten,True,taxable
WI,software.saas,False,exempt
WV,clothing.accessories,True,taxable
WV,clothing.general,True,taxable
WV,clothing.protective,True,taxable
WV,digital_products.ebook,False,exempt
WV,digital_products.music,False,exempt
WV,digital_products.streaming,False,exempt
WV,digital_products.video,False,exempt
WV,food.candy,False,exempt
WV,food.dietary_supplements,False,exempt
WV,food.grocery,False,exempt
WV,food.prepared,True,taxable
WV,food.soft_drinks,True,taxable
WV,goods.electronics,True,taxable
WV,goods.furniture,True,taxable
WV,goods.general,True,taxable
WV,medical.devices,False,exempt
WV,medical.otc_drugs,True,taxable
WV,medical.prescription_drugs,False,exempt
WV,publications.books,True,taxable
WV,publications.magazines,True,taxable
WV,publications.newspapers,False,exempt
WV,services.ai_api,True,taxable
WV,services.data_processing,True,taxable
WV,services.personal_care,True,taxable
WV,services.professional,True,taxable
WV,services.repair,True,taxable
WV,services.web_hosting,True,taxable
WV,software.custom,True,taxable
WV,software.prewritten,True,taxable
WV,software.saas,True,taxable
WY,clothing.accessories,True,taxable
WY,clothing.general,True,taxable
WY,clothing.protective,True,taxable
WY,digital_products.ebook,True,taxable
WY,digital_products.music,True,taxable
WY,digital_products.streaming,True,taxable
WY,digital_products.video,True,taxable
WY,food.candy,False,exempt
WY,food.dietary_supplements,False,exempt
WY,food.grocery,False,exempt
WY,food.prepared,True,taxable
WY,food.soft_drinks,False,exempt
WY,goods.electronics,True,taxable
WY,goods.furniture,True,taxable
WY,goods.general,True,taxable
WY,medical.devices,False,exempt
WY,medical.otc_drugs,True,taxable
WY,medical.prescription_drugs,False,exempt
WY,publications.books,True,taxable
WY,publications.magazines,True,taxable
WY,publications.newspapers,False,exempt
WY,services.ai_api,False,exempt
WY,services.data_processing,False,exempt
WY,services.personal_care,False,exempt
WY,services.professional,False,exempt
WY,services.repair,True,taxable
WY,services.web_hosting,False,exempt
WY,software.custom,False,exempt
WY,software.prewritten,True,taxable
WY,software.saas,False,exempt
